SYMBOL,Time,OMDSEQ,ASK_SIZE,ASK_PRICE,BID_SIZE,BID_PRICE
AA,2015-01-03 06:58:00.156604,0,0,0.0,0,0.0
AA,2015-01-03 07:24:40.942029,0,0,0.0,1,21.44
AA,2015-01-03 07:24:40.942046,1,1,26.34,1,21.44
AA,2015-01-03 07:32:21.868951,0,0,0.0,1,21.44
AA,2015-01-03 07:32:21.868979,1,1,26.33,1,21.44
AA,2015-01-03 07:53:35.833081,0,1,26.33,0,0.0
AA,2015-01-03 07:53:35.833503,1,0,0.0,0,0.0
AA,2015-01-03 07:54:16.131001,0,1,26.32,0,0.0
AA,2015-01-03 07:54:16.131194,1,1,26.32,1,21.42
AA,2015-01-03 07:54:33.450463,0,1,26.32,0,0.0
AA,2015-01-03 07:54:33.450573,1,1,26.29,0,0.0
AA,2015-01-03 07:54:33.450758,2,1,26.29,1,21.45
AA,2015-01-03 07:54:39.828643,0,1,26.29,0,0.0
AA,2015-01-03 07:54:39.828688,1,1,26.29,1,21.46
AA,2015-01-03 07:56:35.113236,0,0,0.0,1,21.46
AA,2015-01-03 07:56:35.113254,1,0,0.0,0,0.0
AA,2015-01-03 07:56:35.113279,2,0,0.0,1,21.44
AA,2015-01-03 07:56:35.113319,3,1,26.31,1,21.44
AA,2015-01-03 08:23:25.263527,0,1,199999.99,0,0.0
AA,2015-01-03 08:23:25.263541,1,1,199999.99,1,0.01
AA,2015-01-03 08:38:13.119502,0,1,26.31,0,0.0
AA,2015-01-03 08:38:13.119592,1,0,0.0,0,0.0
AA,2015-01-03 08:38:38.833456,0,1,26.26,0,0.0
AA,2015-01-03 08:38:38.833472,1,1,26.26,1,21.43
AA,2015-01-03 08:50:23.055159,0,1,26.26,1,21.44
AA,2015-01-03 08:51:04.663369,0,0,0.0,1,21.44
AA,2015-01-03 08:51:04.663502,1,0,0.0,0,0.0
AA,2015-01-03 08:51:16.977036,0,0,0.0,1,21.44
AA,2015-01-03 08:51:16.977096,1,1,26.28,1,21.44
AA,2015-01-03 08:51:46.466216,0,1,26.28,0,0.0
AA,2015-01-03 08:51:46.466232,1,1,26.28,1,21.45
AA,2015-01-03 09:03:13.763486,0,1,24.53,1,21.45
AA,2015-01-03 09:03:13.763844,1,1,24.53,1,23.33
AA,2015-01-03 09:28:33.852057,0,0,0.0,1,21.81
AA,2015-01-03 09:28:33.852095,1,1,26.13,1,21.81
AA,2015-01-03 09:28:33.895958,0,1,199999.99,1,21.81
AA,2015-01-03 09:28:33.895993,1,1,26.13,1,21.81
AA,2015-01-03 09:28:33.899194,0,1,26.13,1,22.39
AA,2015-01-03 09:28:33.899268,1,1,25.52,1,22.39
AA,2015-01-03 09:28:34.759794,0,1,26.13,1,22.39
AA,2015-01-03 09:28:34.759832,1,1,25.52,1,22.39
AA,2015-01-03 09:29:30.006197,0,6,24.53,1,23.33
AA,2015-01-03 09:29:30.006197,1,5,24.53,1,22.39
AA,2015-01-03 09:29:41.329203,0,6,24.53,6,23.33
AA,2015-01-03 09:29:55.324959,0,5,24.53,5,23.33
AA,2015-01-03 09:29:56.304607,0,1,25.52,1,22.86
AA,2015-01-03 09:29:56.304647,1,1,25.02,1,22.86
AA,2015-01-03 09:30:00.070381,0,6,24.53,6,23.33
AA,2015-01-03 09:30:46.931635,0,6,24.53,3,23.67
AA,2015-01-03 09:30:46.931785,1,6,24.53,3,23.68
AA,2015-01-03 09:30:46.932106,0,6,24.53,3,23.69
AA,2015-01-03 09:30:46.932737,1,5,24.53,1,22.39
AA,2015-01-03 09:30:46.932865,2,3,24.03,3,23.69
AA,2015-01-03 09:30:46.933192,0,3,24.02,3,23.69
AA,2015-01-03 09:30:46.933465,1,3,24.02,6,23.69
AA,2015-01-03 09:30:46.934114,0,3,24.01,6,23.69
AA,2015-01-03 09:30:46.934208,1,1,25.52,1,22.39
AA,2015-01-03 09:30:46.934543,2,3,23.95,6,23.69
AA,2015-01-03 09:30:46.934882,3,1,25.52,1,22.74
AA,2015-01-03 09:30:46.934923,4,1,25.0,1,22.74
AA,2015-01-03 09:30:46.935146,0,3,23.94,6,23.69
AA,2015-01-03 09:30:46.935565,1,1,25.0,1,22.86
AA,2015-01-03 09:30:46.935870,2,3,23.93,6,23.69
AA,2015-01-03 09:30:46.937785,0,3,23.93,3,23.71
AA,2015-01-03 09:30:46.938428,0,3,23.93,3,23.72
AA,2015-01-03 09:30:46.938867,1,3,23.93,3,23.73
AA,2015-01-03 09:30:46.939152,0,1,25.0,1,22.74
AA,2015-01-03 09:30:46.939228,1,1,25.0,1,23.2
AA,2015-01-03 09:30:46.939426,2,1,24.51,1,23.2
AA,2015-01-03 09:30:56.563476,0,1,25.0,5,23.73
AA,2015-01-03 09:30:59.415218,0,6,23.93,3,23.73
AA,2015-01-03 09:30:59.415321,1,3,23.92,3,23.73
AA,2015-01-03 09:31:00.119013,0,1,25.0,1,22.74
AA,2015-01-03 09:31:09.749155,0,3,23.92,8,23.73
AA,2015-01-03 09:31:09.768186,0,1,25.0,5,23.73
AA,2015-01-03 09:31:09.914953,0,3,23.93,8,23.73
AA,2015-01-03 09:31:16.674323,0,6,23.93,8,23.73
AA,2015-01-03 09:31:16.674369,1,3,23.92,8,23.73
AA,2015-01-03 09:31:17.129263,0,1,25.0,1,22.74
AA,2015-01-03 09:31:41.677369,0,1,25.0,5,23.73
AA,2015-01-03 09:31:45.658380,0,5,23.92,5,23.73
AA,2015-01-03 09:31:45.658479,1,8,23.92,8,23.73
AA,2015-01-03 09:31:45.665723,0,11,23.92,8,23.73
AA,2015-01-03 09:31:45.665998,1,3,23.91,8,23.73
AA,2015-01-03 09:31:45.667061,0,1,25.0,5,23.73
AA,2015-01-03 09:31:45.680616,0,1,25.0,1,23.2
AA,2015-01-03 09:31:45.680680,1,1,24.39,1,23.2
AA,2015-01-03 09:31:45.755537,0,1,25.0,1,22.74
AA,2015-01-03 09:31:46.746109,0,8,23.91,8,23.73
AA,2015-01-03 09:31:49.715157,0,3,23.91,8,23.73
AA,2015-01-03 09:31:52.167002,0,6,23.91,8,23.73
AA,2015-01-03 09:31:52.167065,1,3,23.9,8,23.73
AA,2015-01-03 09:31:54.914929,0,3,23.91,8,23.73
AA,2015-01-03 09:31:56.024447,0,1,25.0,5,23.73
AA,2015-01-03 09:31:56.165087,0,6,23.91,8,23.73
AA,2015-01-03 09:31:56.165164,1,3,23.9,8,23.73
AA,2015-01-03 09:31:56.415101,0,3,23.91,8,23.73
AA,2015-01-03 09:31:58.665066,0,6,23.91,8,23.73
AA,2015-01-03 09:31:58.665215,1,3,23.9,8,23.73
AA,2015-01-03 09:32:16.165659,0,3,23.91,8,23.73
AA,2015-01-03 09:32:39.615014,0,1,25.0,1,22.74
AA,2015-01-03 09:32:47.953596,0,1,25.0,5,23.73
AA,2015-01-03 09:32:52.267755,0,1,25.0,1,22.74
AA,2015-01-03 09:32:54.458577,0,3,23.91,3,23.73
AA,2015-01-03 09:33:00.665685,0,6,23.91,3,23.73
AA,2015-01-03 09:33:00.665705,1,3,23.9,3,23.73
AA,2015-01-03 09:33:07.821165,0,3,23.9,8,23.73
AA,2015-01-03 09:33:13.358337,0,1,25.0,5,23.73
AA,2015-01-03 09:33:20.166256,0,3,23.91,8,23.73
AA,2015-01-03 09:33:20.167130,0,3,23.91,11,23.73
AA,2015-01-03 09:33:20.167513,1,3,23.91,3,23.74
AA,2015-01-03 09:33:20.168268,0,1,25.0,1,22.74
AA,2015-01-03 09:33:25.800150,0,3,23.91,8,23.74
AA,2015-01-03 09:33:28.415399,0,3,23.92,8,23.74
AA,2015-01-03 09:33:37.033633,0,1,25.0,5,23.74
AA,2015-01-03 09:33:39.414572,0,6,23.92,8,23.74
AA,2015-01-03 09:33:39.414720,1,3,23.91,8,23.74
AA,2015-01-03 09:34:01.164352,0,3,23.91,11,23.74
AA,2015-01-03 09:34:01.164370,1,3,23.91,3,23.75
AA,2015-01-03 09:34:01.165400,0,1,25.0,1,22.74
AA,2015-01-03 09:34:03.428879,0,3,23.91,8,23.75
AA,2015-01-03 09:34:08.042926,0,1,25.0,5,23.75
AA,2015-01-03 09:34:09.825546,0,5,23.91,5,23.75
AA,2015-01-03 09:34:09.825673,1,8,23.91,8,23.75
AA,2015-01-03 09:34:14.912347,0,1,25.0,5,23.75
AA,2015-01-03 09:34:14.912485,1,3,23.91,8,23.75
AA,2015-01-03 09:34:15.512181,0,5,23.91,5,23.75
AA,2015-01-03 09:34:15.512272,1,8,23.91,8,23.75
AA,2015-01-03 09:34:15.512935,2,1,25.0,5,23.75
AA,2015-01-03 09:34:15.513036,0,3,23.91,8,23.75
AA,2015-01-03 09:34:15.832924,0,5,23.91,5,23.75
AA,2015-01-03 09:34:15.833053,0,8,23.91,8,23.75
AA,2015-01-03 09:34:15.833807,1,1,25.0,5,23.75
AA,2015-01-03 09:34:15.834697,0,3,23.91,8,23.75
AA,2015-01-03 09:34:16.105219,0,5,23.91,5,23.75
AA,2015-01-03 09:34:16.105322,1,8,23.91,8,23.75
AA,2015-01-03 09:34:16.108735,0,1,25.0,5,23.75
AA,2015-01-03 09:34:16.108949,1,3,23.91,8,23.75
AA,2015-01-03 09:34:16.109892,0,5,23.91,5,23.75
AA,2015-01-03 09:34:16.109996,1,8,23.91,8,23.75
AA,2015-01-03 09:34:16.250817,0,1,25.0,5,23.75
AA,2015-01-03 09:34:16.250961,1,3,23.91,8,23.75
AA,2015-01-03 09:34:16.710333,0,5,23.91,5,23.75
AA,2015-01-03 09:34:16.710507,1,8,23.91,8,23.75
AA,2015-01-03 09:34:16.802328,0,1,25.0,5,23.75
AA,2015-01-03 09:34:16.802462,1,3,23.91,8,23.75
AA,2015-01-03 09:34:16.908037,0,5,23.91,5,23.75
AA,2015-01-03 09:34:16.908155,1,8,23.91,8,23.75
AA,2015-01-03 09:34:17.331132,0,1,25.0,5,23.75
AA,2015-01-03 09:34:17.331234,1,3,23.91,8,23.75
AA,2015-01-03 09:34:17.372150,0,5,23.91,5,23.75
AA,2015-01-03 09:34:17.372327,1,8,23.91,8,23.75
AA,2015-01-03 09:34:17.393147,0,1,25.0,5,23.75
AA,2015-01-03 09:34:17.393300,1,3,23.91,8,23.75
AA,2015-01-03 09:34:17.435684,0,5,23.91,5,23.75
AA,2015-01-03 09:34:17.436019,0,8,23.91,8,23.75
AA,2015-01-03 09:34:17.673723,0,1,25.0,5,23.75
AA,2015-01-03 09:34:17.673898,1,3,23.91,8,23.75
AA,2015-01-03 09:34:17.786286,0,5,23.91,5,23.75
AA,2015-01-03 09:34:17.786459,1,8,23.91,8,23.75
AA,2015-01-03 09:34:17.786874,2,1,25.0,5,23.75
AA,2015-01-03 09:34:17.787001,0,3,23.91,8,23.75
AA,2015-01-03 09:34:18.219794,0,5,23.91,5,23.75
AA,2015-01-03 09:34:18.219917,1,8,23.91,8,23.75
AA,2015-01-03 09:34:18.241317,0,1,25.0,5,23.75
AA,2015-01-03 09:34:18.241473,1,3,23.91,8,23.75
AA,2015-01-03 09:34:18.631641,0,5,23.91,5,23.75
AA,2015-01-03 09:34:18.631817,1,8,23.91,8,23.75
AA,2015-01-03 09:34:22.848093,0,1,25.0,5,23.75
AA,2015-01-03 09:34:22.848140,1,3,23.91,8,23.75
AA,2015-01-03 09:34:22.915525,0,3,23.92,8,23.75
AA,2015-01-03 09:34:22.915703,1,3,23.92,11,23.75
AA,2015-01-03 09:34:22.915977,2,3,23.92,3,23.76
AA,2015-01-03 09:34:22.916954,0,1,25.0,1,22.74
AA,2015-01-03 09:34:22.917145,0,3,23.92,8,23.76
AA,2015-01-03 09:34:28.579359,0,1,25.0,5,23.76
AA,2015-01-03 09:34:31.122012,0,6,23.92,8,23.76
AA,2015-01-03 09:34:31.122529,1,3,23.91,8,23.76
AA,2015-01-03 09:34:31.123609,0,3,23.9,8,23.76
AA,2015-01-03 09:34:31.124650,0,3,23.9,11,23.76
AA,2015-01-03 09:34:31.124805,1,3,23.9,3,23.77
AA,2015-01-03 09:34:31.125288,0,3,23.9,3,23.78
AA,2015-01-03 09:34:31.125617,1,1,25.0,1,22.74
AA,2015-01-03 09:34:32.913928,0,3,23.91,3,23.78
AA,2015-01-03 09:35:13.165144,0,3,23.91,6,23.78
AA,2015-01-03 09:35:13.165234,1,3,23.91,3,23.79
AA,2015-01-03 09:35:16.391225,0,1,25.0,5,23.79
AA,2015-01-03 09:35:16.391243,1,5,23.91,5,23.79
AA,2015-01-03 09:35:16.391296,2,3,23.91,8,23.79
AA,2015-01-03 09:35:16.391319,3,8,23.91,8,23.79
AA,2015-01-03 09:35:16.413304,0,1,25.0,5,23.79
AA,2015-01-03 09:35:16.413331,1,1,25.0,1,22.74
AA,2015-01-03 09:35:16.413436,2,3,23.91,8,23.79
AA,2015-01-03 09:35:16.413458,3,3,23.91,3,23.79
AA,2015-01-03 09:35:16.473169,0,1,25.0,5,23.79
AA,2015-01-03 09:35:16.473193,1,5,23.91,5,23.79
AA,2015-01-03 09:35:16.473291,2,3,23.91,8,23.79
AA,2015-01-03 09:35:16.473314,3,8,23.91,8,23.79
AA,2015-01-03 09:35:16.855842,0,1,25.0,5,23.79
AA,2015-01-03 09:35:16.855874,1,1,25.0,1,22.74
AA,2015-01-03 09:35:16.855974,2,3,23.91,8,23.79
AA,2015-01-03 09:35:16.856003,0,3,23.91,3,23.79
AA,2015-01-03 09:35:16.861011,0,1,25.0,5,23.79
AA,2015-01-03 09:35:16.861039,1,5,23.91,5,23.79
AA,2015-01-03 09:35:16.861129,2,3,23.91,8,23.79
AA,2015-01-03 09:35:16.861152,3,8,23.91,8,23.79
AA,2015-01-03 09:35:17.073379,0,5,23.91,1,22.74
AA,2015-01-03 09:35:17.073391,1,1,25.0,1,22.74
AA,2015-01-03 09:35:17.073438,2,3,23.91,8,23.79
AA,2015-01-03 09:35:17.073467,3,3,23.91,3,23.79
AA,2015-01-03 09:35:17.173788,0,1,25.0,5,23.79
AA,2015-01-03 09:35:17.173818,1,5,23.91,5,23.79
AA,2015-01-03 09:35:17.173902,2,3,23.91,8,23.79
AA,2015-01-03 09:35:17.173930,3,8,23.91,8,23.79
AA,2015-01-03 09:35:17.929768,0,1,25.0,5,23.79
AA,2015-01-03 09:35:17.929794,1,1,25.0,1,22.74
AA,2015-01-03 09:35:17.929877,2,3,23.91,8,23.79
AA,2015-01-03 09:35:17.929905,3,3,23.91,3,23.79
AA,2015-01-03 09:35:17.936084,0,1,25.0,5,23.79
AA,2015-01-03 09:35:17.936109,1,5,23.91,5,23.79
AA,2015-01-03 09:35:17.936201,2,3,23.91,8,23.79
AA,2015-01-03 09:35:17.936238,3,8,23.91,8,23.79
AA,2015-01-03 09:35:27.127945,0,1,25.0,5,23.79
AA,2015-01-03 09:35:27.127971,1,1,25.0,1,22.74
AA,2015-01-03 09:35:27.128024,0,3,23.91,8,23.79
AA,2015-01-03 09:35:27.128054,1,3,23.91,3,23.79
AA,2015-01-03 09:35:27.184321,0,1,25.0,5,23.79
AA,2015-01-03 09:35:27.184356,1,5,23.91,5,23.79
AA,2015-01-03 09:35:27.184755,2,3,23.91,8,23.79
AA,2015-01-03 09:35:27.184779,3,8,23.91,8,23.79
AA,2015-01-03 09:35:29.895766,0,1,25.0,5,23.79
AA,2015-01-03 09:35:29.895793,1,1,25.0,1,22.74
AA,2015-01-03 09:35:29.895808,2,3,23.91,8,23.79
AA,2015-01-03 09:35:29.895825,3,3,23.91,3,23.79
AA,2015-01-03 09:35:29.922694,0,1,25.0,5,23.79
AA,2015-01-03 09:35:29.922721,1,5,23.91,5,23.79
AA,2015-01-03 09:35:29.922763,2,3,23.91,8,23.79
AA,2015-01-03 09:35:29.922791,3,8,23.91,8,23.79
AA,2015-01-03 09:35:30.392870,0,1,25.0,5,23.79
AA,2015-01-03 09:35:30.392894,1,1,25.0,1,22.74
AA,2015-01-03 09:35:30.393044,0,3,23.91,8,23.79
AA,2015-01-03 09:35:30.393069,1,3,23.91,3,23.79
AA,2015-01-03 09:35:30.393968,2,1,25.0,5,23.79
AA,2015-01-03 09:35:30.394010,0,5,23.91,5,23.79
AA,2015-01-03 09:35:30.394070,1,3,23.91,8,23.79
AA,2015-01-03 09:35:30.394094,2,8,23.91,8,23.79
AA,2015-01-03 09:35:30.423016,0,1,25.0,1,22.74
AA,2015-01-03 09:35:30.423130,1,3,23.91,8,23.79
AA,2015-01-03 09:35:30.423154,2,3,23.91,3,23.79
AA,2015-01-03 09:35:30.424292,0,1,25.0,5,23.79
AA,2015-01-03 09:35:30.424323,1,5,23.91,5,23.79
AA,2015-01-03 09:35:30.424437,2,3,23.91,8,23.79
AA,2015-01-03 09:35:30.424461,3,8,23.91,8,23.79
AA,2015-01-03 09:35:30.514325,0,1,25.0,5,23.79
AA,2015-01-03 09:35:30.514350,1,1,25.0,1,22.74
AA,2015-01-03 09:35:30.514437,2,3,23.91,8,23.79
AA,2015-01-03 09:35:30.514458,3,3,23.91,3,23.79
AA,2015-01-03 09:35:31.647854,0,1,25.0,5,23.79
AA,2015-01-03 09:35:31.647876,1,5,23.91,5,23.79
AA,2015-01-03 09:35:31.647925,2,3,23.91,8,23.79
AA,2015-01-03 09:35:31.647967,3,8,23.91,8,23.79
AA,2015-01-03 09:35:31.648445,0,1,25.0,5,23.79
AA,2015-01-03 09:35:31.648466,1,1,25.0,1,22.74
AA,2015-01-03 09:35:31.648515,2,3,23.91,8,23.79
AA,2015-01-03 09:35:31.648535,3,3,23.91,3,23.79
AA,2015-01-03 09:35:32.297186,0,1,25.0,5,23.79
AA,2015-01-03 09:35:32.297205,1,5,23.91,5,23.79
AA,2015-01-03 09:35:32.297257,2,3,23.91,8,23.79
AA,2015-01-03 09:35:32.297282,3,8,23.91,8,23.79
AA,2015-01-03 09:35:32.297378,4,5,23.91,1,22.74
AA,2015-01-03 09:35:32.297418,5,1,25.0,1,22.74
AA,2015-01-03 09:35:32.297607,6,8,23.91,3,23.79
AA,2015-01-03 09:35:32.297626,7,3,23.91,3,23.79
AA,2015-01-03 09:35:32.341479,0,5,23.91,5,23.79
AA,2015-01-03 09:35:32.341545,1,3,23.91,8,23.79
AA,2015-01-03 09:35:32.341566,2,8,23.91,8,23.79
AA,2015-01-03 09:35:32.425798,0,1,25.0,5,23.79
AA,2015-01-03 09:35:32.425820,1,1,25.0,1,22.74
AA,2015-01-03 09:35:32.425859,2,3,23.91,8,23.79
AA,2015-01-03 09:35:32.425880,3,3,23.91,3,23.79
AA,2015-01-03 09:35:32.427751,0,1,25.0,5,23.79
AA,2015-01-03 09:35:32.427773,1,5,23.91,5,23.79
AA,2015-01-03 09:35:32.427811,2,3,23.91,8,23.79
AA,2015-01-03 09:35:32.427833,3,8,23.91,8,23.79
AA,2015-01-03 09:35:32.428019,0,1,25.0,5,23.79
AA,2015-01-03 09:35:32.428040,1,1,25.0,1,22.74
AA,2015-01-03 09:35:32.428086,2,8,23.91,3,23.79
AA,2015-01-03 09:35:32.428108,3,3,23.91,3,23.79
AA,2015-01-03 09:35:32.430270,0,1,25.0,5,23.79
AA,2015-01-03 09:35:32.430299,1,5,23.91,5,23.79
AA,2015-01-03 09:35:32.430330,2,3,23.91,8,23.79
AA,2015-01-03 09:35:32.430350,3,8,23.91,8,23.79
AA,2015-01-03 09:35:32.490608,0,1,25.0,5,23.79
AA,2015-01-03 09:35:32.490628,1,1,25.0,1,22.74
AA,2015-01-03 09:35:32.490720,2,3,23.91,8,23.79
AA,2015-01-03 09:35:32.490739,3,3,23.91,3,23.79
AA,2015-01-03 09:35:33.139421,0,1,25.0,5,23.79
AA,2015-01-03 09:35:33.139438,1,5,23.91,5,23.79
AA,2015-01-03 09:35:33.139536,2,3,23.91,8,23.79
AA,2015-01-03 09:35:33.139562,3,8,23.91,8,23.79
AA,2015-01-03 09:35:33.140136,0,1,25.0,5,23.79
AA,2015-01-03 09:35:33.140171,1,1,25.0,1,22.74
AA,2015-01-03 09:35:33.140242,2,8,23.91,3,23.79
AA,2015-01-03 09:35:33.140264,3,3,23.91,3,23.79
AA,2015-01-03 09:35:33.297782,0,3,23.91,8,23.79
AA,2015-01-03 09:35:33.297806,1,8,23.91,8,23.79
AA,2015-01-03 09:35:33.298639,0,5,23.91,5,23.79
AA,2015-01-03 09:35:34.034264,0,1,25.0,5,23.79
AA,2015-01-03 09:35:34.034289,1,1,25.0,1,22.74
AA,2015-01-03 09:35:34.034457,2,3,23.91,8,23.79
AA,2015-01-03 09:35:34.034473,3,3,23.91,3,23.79
AA,2015-01-03 09:35:34.037230,0,5,23.91,1,22.74
AA,2015-01-03 09:35:34.037248,1,5,23.91,5,23.79
AA,2015-01-03 09:35:34.037260,2,3,23.91,8,23.79
AA,2015-01-03 09:35:34.037273,3,8,23.91,8,23.79
AA,2015-01-03 09:35:34.103255,0,1,25.0,5,23.79
AA,2015-01-03 09:35:34.103273,1,1,25.0,1,22.74
AA,2015-01-03 09:35:34.103364,2,8,23.91,3,23.79
AA,2015-01-03 09:35:34.103387,3,3,23.91,3,23.79
AA,2015-01-03 09:35:34.104087,0,5,23.91,5,23.79
AA,2015-01-03 09:35:34.104194,1,3,23.91,8,23.79
AA,2015-01-03 09:35:34.104216,2,8,23.91,8,23.79
AA,2015-01-03 09:35:35.553923,0,3,23.91,8,23.79
AA,2015-01-03 09:35:35.553964,1,3,23.91,3,23.79
AA,2015-01-03 09:35:35.554114,0,1,25.0,1,22.74
AA,2015-01-03 09:35:35.559467,0,1,25.0,5,23.79
AA,2015-01-03 09:35:35.559591,1,8,23.91,3,23.79
AA,2015-01-03 09:35:35.559591,2,8,23.91,8,23.79
AA,2015-01-03 09:35:35.565284,0,1,25.0,1,22.74
AA,2015-01-03 09:35:35.565708,1,3,23.91,8,23.79
AA,2015-01-03 09:35:35.565732,2,3,23.91,3,23.79
AA,2015-01-03 09:35:35.581034,0,1,25.0,5,23.79
AA,2015-01-03 09:35:35.581157,1,3,23.91,8,23.79
AA,2015-01-03 09:35:35.581229,2,8,23.91,8,23.79
AA,2015-01-03 09:35:35.585892,0,1,25.0,1,22.74
AA,2015-01-03 09:35:35.586004,0,3,23.91,8,23.79
AA,2015-01-03 09:35:35.586029,1,3,23.91,3,23.79
AA,2015-01-03 09:35:37.901210,0,1,25.0,5,23.79
AA,2015-01-03 09:35:37.901349,1,3,23.91,8,23.79
AA,2015-01-03 09:35:37.901372,2,8,23.91,8,23.79
AA,2015-01-03 09:35:37.931976,0,1,25.0,1,22.74
AA,2015-01-03 09:35:37.932077,0,8,23.91,3,23.79
AA,2015-01-03 09:35:37.932102,1,3,23.91,3,23.79
AA,2015-01-03 09:35:37.932854,2,1,25.0,5,23.79
AA,2015-01-03 09:35:37.932955,3,3,23.91,8,23.79
AA,2015-01-03 09:35:37.932977,4,8,23.91,8,23.79
AA,2015-01-03 09:35:38.210147,0,1,25.0,1,22.74
AA,2015-01-03 09:35:38.210173,1,3,23.91,8,23.79
AA,2015-01-03 09:35:38.210202,2,3,23.91,3,23.79
AA,2015-01-03 09:35:38.212387,0,1,25.0,5,23.79
AA,2015-01-03 09:35:38.212451,1,3,23.91,8,23.79
AA,2015-01-03 09:35:38.916249,0,3,23.92,8,23.79
AA,2015-01-03 09:35:38.916525,1,3,23.92,11,23.79
AA,2015-01-03 09:35:38.916548,2,3,23.92,3,23.8
AA,2015-01-03 09:35:38.917627,0,5,23.92,5,23.79
AA,2015-01-03 09:35:38.917725,1,8,23.92,3,23.8
AA,2015-01-03 09:35:38.918695,0,5,23.92,1,22.74
AA,2015-01-03 09:35:38.918728,1,5,23.92,5,23.8
AA,2015-01-03 09:35:38.918841,2,8,23.92,8,23.8
AA,2015-01-03 09:35:38.927495,0,1,24.39,1,22.74
AA,2015-01-03 09:35:38.927563,1,1,24.39,1,23.32
AA,2015-01-03 09:35:39.272853,0,1,25.0,1,22.74
AA,2015-01-03 09:35:39.272962,1,3,23.92,8,23.8
AA,2015-01-03 09:35:39.272985,2,3,23.92,3,23.8
AA,2015-01-03 09:35:39.273812,0,1,25.0,5,23.8
AA,2015-01-03 09:35:39.273835,1,5,23.92,5,23.8
AA,2015-01-03 09:35:39.273871,2,3,23.92,8,23.8
AA,2015-01-03 09:35:39.273903,3,8,23.92,8,23.8
AA,2015-01-03 09:35:39.299819,0,1,25.0,1,22.74
AA,2015-01-03 09:35:39.299891,1,3,23.92,8,23.8
AA,2015-01-03 09:35:39.299911,2,3,23.92,3,23.8
AA,2015-01-03 09:35:39.300577,0,1,25.0,5,23.8
AA,2015-01-03 09:35:39.300599,1,5,23.92,5,23.8
AA,2015-01-03 09:35:39.300842,2,8,23.92,3,23.8
AA,2015-01-03 09:35:39.300862,3,8,23.92,8,23.8
AA,2015-01-03 09:35:41.084163,0,1,25.0,5,23.8
AA,2015-01-03 09:35:41.084193,1,1,25.0,1,22.74
AA,2015-01-03 09:35:41.084315,2,3,23.92,8,23.8
AA,2015-01-03 09:35:41.084345,3,3,23.92,3,23.8
AA,2015-01-03 09:35:42.318021,0,1,25.0,5,23.8
AA,2015-01-03 09:35:42.318041,1,5,23.92,5,23.8
AA,2015-01-03 09:35:42.318112,2,3,23.92,8,23.8
AA,2015-01-03 09:35:42.318132,3,8,23.92,8,23.8
AA,2015-01-03 09:35:42.318483,4,1,25.0,1,22.74
AA,2015-01-03 09:35:42.318585,5,3,23.92,8,23.8
AA,2015-01-03 09:35:42.318605,6,3,23.92,3,23.8
AA,2015-01-03 09:35:45.309850,0,1,25.0,5,23.8
AA,2015-01-03 09:35:45.309878,1,5,23.92,5,23.8
AA,2015-01-03 09:35:45.309898,2,3,23.92,8,23.8
AA,2015-01-03 09:35:45.309916,3,8,23.92,8,23.8
AA,2015-01-03 09:35:45.309930,4,5,23.92,1,22.74
AA,2015-01-03 09:35:45.310095,0,1,25.0,1,22.74
AA,2015-01-03 09:35:45.310277,1,8,23.92,3,23.8
AA,2015-01-03 09:35:45.310475,2,3,23.92,3,23.8
AA,2015-01-03 09:35:52.683016,0,5,23.92,5,23.8
AA,2015-01-03 09:35:52.683085,1,3,23.92,8,23.8
AA,2015-01-03 09:35:52.683110,2,8,23.92,8,23.8
AA,2015-01-03 09:35:52.683446,3,1,25.0,5,23.8
AA,2015-01-03 09:35:52.683467,4,1,25.0,1,22.74
AA,2015-01-03 09:35:52.683553,5,3,23.92,8,23.8
AA,2015-01-03 09:35:52.683577,6,3,23.92,3,23.8
AA,2015-01-03 09:35:52.736756,0,1,25.0,5,23.8
AA,2015-01-03 09:35:52.736773,1,5,23.92,5,23.8
AA,2015-01-03 09:35:52.736819,2,3,23.92,8,23.8
AA,2015-01-03 09:35:52.736840,3,8,23.92,8,23.8
AA,2015-01-03 09:35:52.742707,0,1,25.0,1,22.74
AA,2015-01-03 09:35:52.742815,1,3,23.92,8,23.8
AA,2015-01-03 09:35:52.742972,2,3,23.92,3,23.8
AA,2015-01-03 09:35:52.743229,0,1,25.0,5,23.8
AA,2015-01-03 09:35:52.743264,1,5,23.92,5,23.8
AA,2015-01-03 09:35:52.743304,2,3,23.92,8,23.8
AA,2015-01-03 09:35:52.743324,3,8,23.92,8,23.8
AA,2015-01-03 09:35:53.047056,0,5,23.92,1,22.74
AA,2015-01-03 09:35:53.047090,1,1,25.0,1,22.74
AA,2015-01-03 09:35:53.047156,2,3,23.92,8,23.8
AA,2015-01-03 09:35:53.047180,3,3,23.92,3,23.8
AA,2015-01-03 09:35:53.047722,4,5,23.92,1,22.74
AA,2015-01-03 09:35:53.047763,5,5,23.92,5,23.8
AA,2015-01-03 09:35:53.047830,6,3,23.92,8,23.8
AA,2015-01-03 09:35:53.047853,7,8,23.92,8,23.8
AA,2015-01-03 09:35:53.294577,0,1,25.0,1,22.74
AA,2015-01-03 09:35:53.294662,1,3,23.92,8,23.8
AA,2015-01-03 09:35:53.294683,2,3,23.92,3,23.8
AA,2015-01-03 09:35:53.296011,0,1,25.0,5,23.8
AA,2015-01-03 09:35:53.296043,1,5,23.92,5,23.8
AA,2015-01-03 09:35:53.296133,2,3,23.92,8,23.8
AA,2015-01-03 09:35:53.296145,3,8,23.92,8,23.8
AA,2015-01-03 09:35:53.296736,4,1,25.0,5,23.8
AA,2015-01-03 09:35:53.296754,5,1,25.0,1,22.74
AA,2015-01-03 09:35:53.296825,6,3,23.92,8,23.8
AA,2015-01-03 09:35:53.296846,7,3,23.92,3,23.8
AA,2015-01-03 09:35:53.350307,0,1,25.0,5,23.8
AA,2015-01-03 09:35:53.350343,1,5,23.92,5,23.8
AA,2015-01-03 09:35:53.350372,2,3,23.92,8,23.8
AA,2015-01-03 09:35:53.350407,3,8,23.92,8,23.8
AA,2015-01-03 09:35:53.446263,0,1,25.0,1,22.74
AA,2015-01-03 09:35:53.446330,1,3,23.92,8,23.8
AA,2015-01-03 09:35:53.446351,2,3,23.92,3,23.8
AA,2015-01-03 09:35:54.073069,0,5,23.92,1,22.74
AA,2015-01-03 09:35:54.073101,1,5,23.92,5,23.8
AA,2015-01-03 09:35:54.073171,2,3,23.92,8,23.8
AA,2015-01-03 09:35:54.073195,3,8,23.92,8,23.8
AA,2015-01-03 09:35:54.210114,0,1,25.0,5,23.8
AA,2015-01-03 09:35:54.210137,1,1,25.0,1,22.74
AA,2015-01-03 09:35:54.210214,2,3,23.92,8,23.8
AA,2015-01-03 09:35:54.210241,3,3,23.92,3,23.8
AA,2015-01-03 09:35:54.211028,0,1,25.0,5,23.8
AA,2015-01-03 09:35:54.211067,1,5,23.92,5,23.8
AA,2015-01-03 09:35:54.211133,2,3,23.92,8,23.8
AA,2015-01-03 09:35:54.211157,3,8,23.92,8,23.8
AA,2015-01-03 09:35:54.391765,0,1,25.0,5,23.8
AA,2015-01-03 09:35:54.391783,1,1,25.0,1,22.74
AA,2015-01-03 09:35:54.391874,2,3,23.92,8,23.8
AA,2015-01-03 09:35:54.391896,3,3,23.92,3,23.8
AA,2015-01-03 09:35:54.828109,0,5,23.92,5,23.8
AA,2015-01-03 09:35:54.828138,1,3,23.92,8,23.8
AA,2015-01-03 09:35:54.828158,2,8,23.92,8,23.8
AA,2015-01-03 09:35:56.078480,0,1,25.0,5,23.8
AA,2015-01-03 09:35:56.078509,1,1,25.0,1,22.74
AA,2015-01-03 09:35:56.078585,2,3,23.92,8,23.8
AA,2015-01-03 09:35:56.078604,3,3,23.92,3,23.8
AA,2015-01-03 09:35:56.087560,0,5,23.92,1,22.74
AA,2015-01-03 09:35:56.087575,1,5,23.92,5,23.8
AA,2015-01-03 09:35:56.087623,2,3,23.92,8,23.8
AA,2015-01-03 09:35:56.087648,3,8,23.92,8,23.8
AA,2015-01-03 09:36:17.665946,0,3,23.91,8,23.8
AA,2015-01-03 09:36:17.666331,0,3,23.91,5,23.8
AA,2015-01-03 09:36:17.667061,0,1,25.0,5,23.8
AA,2015-01-03 09:36:17.667090,1,5,23.91,5,23.8
AA,2015-01-03 09:36:17.667168,2,8,23.91,5,23.8
AA,2015-01-03 09:36:33.665773,0,3,23.9,5,23.8
AA,2015-01-03 09:36:33.666859,0,1,25.0,5,23.8
AA,2015-01-03 09:36:33.666877,1,5,23.9,5,23.8
AA,2015-01-03 09:36:33.666970,2,8,23.9,5,23.8
AA,2015-01-03 09:36:51.755662,0,5,23.9,1,22.74
AA,2015-01-03 09:37:24.051479,0,5,23.9,5,23.8
AA,2015-01-03 09:37:35.824678,0,5,23.9,1,22.74
AA,2015-01-03 09:37:54.216211,0,5,23.9,5,23.8
AA,2015-01-03 09:38:28.493793,0,5,23.9,1,22.74
AA,2015-01-03 09:38:32.803076,0,8,23.9,3,23.79
AA,2015-01-03 09:38:32.804274,0,5,23.9,5,23.79
AA,2015-01-03 09:38:32.804387,1,8,23.9,8,23.79
AA,2015-01-03 09:38:36.665288,0,11,23.9,8,23.79
AA,2015-01-03 09:38:36.665529,1,3,23.89,8,23.79
AA,2015-01-03 09:38:36.666293,0,3,23.89,5,23.79
AA,2015-01-03 09:38:36.666545,1,1,25.0,5,23.79
AA,2015-01-03 09:38:36.666564,2,5,23.89,5,23.79
AA,2015-01-03 09:38:36.666702,3,8,23.89,5,23.79
AA,2015-01-03 09:38:42.467014,0,5,23.89,1,22.74
AA,2015-01-03 09:38:44.288724,0,8,23.89,3,23.78
AA,2015-01-03 09:38:44.290009,0,5,23.89,5,23.78
AA,2015-01-03 09:38:44.290124,1,8,23.89,8,23.78
AA,2015-01-03 09:38:51.665777,0,11,23.89,8,23.78
AA,2015-01-03 09:38:51.665812,1,3,23.88,8,23.78
AA,2015-01-03 09:38:51.666047,0,3,23.88,5,23.78
AA,2015-01-03 09:38:51.667162,0,1,25.0,5,23.78
AA,2015-01-03 09:38:51.667323,1,8,23.88,5,23.78
AA,2015-01-03 09:38:52.668484,0,8,23.88,8,23.78
AA,2015-01-03 09:38:55.666833,0,8,23.88,5,23.78
AA,2015-01-03 09:38:56.571879,0,5,23.88,5,23.78
AA,2015-01-03 09:39:08.414814,0,11,23.88,5,23.78
AA,2015-01-03 09:39:08.415307,0,3,23.87,5,23.78
AA,2015-01-03 09:39:08.416208,0,1,25.0,5,23.78
AA,2015-01-03 09:39:09.224469,0,1,25.0,1,22.74
AA,2015-01-03 09:39:09.758432,0,8,23.87,5,23.78
AA,2015-01-03 09:39:10.393912,0,8,23.87,3,23.77
AA,2015-01-03 09:39:10.395064,0,1,25.0,5,23.77
AA,2015-01-03 09:39:10.395137,1,8,23.87,8,23.77
AA,2015-01-03 09:39:10.665283,0,8,23.87,5,23.77
AA,2015-01-03 09:39:11.861927,0,5,23.87,5,23.77
AA,2015-01-03 09:39:15.373561,0,5,23.87,1,22.74
AA,2015-01-03 09:39:34.199031,0,8,23.87,3,23.76
AA,2015-01-03 09:39:34.203836,0,5,23.87,5,23.76
AA,2015-01-03 09:39:34.204112,0,8,23.87,8,23.76
AA,2015-01-03 09:39:37.665654,0,11,23.87,8,23.76
AA,2015-01-03 09:39:37.665709,1,3,23.86,8,23.76
AA,2015-01-03 09:39:37.666029,0,3,23.86,5,23.76
AA,2015-01-03 09:39:37.666841,1,1,25.0,5,23.76
AA,2015-01-03 09:39:37.666872,2,5,23.86,5,23.76
AA,2015-01-03 09:39:37.666988,3,8,23.86,5,23.76
AA,2015-01-03 09:40:03.415145,0,8,23.86,8,23.76
AA,2015-01-03 09:40:03.528689,0,1,25.0,5,23.76
AA,2015-01-03 09:40:04.183979,0,5,23.86,5,23.76
AA,2015-01-03 09:40:18.414744,0,11,23.86,8,23.76
AA,2015-01-03 09:40:18.414800,1,3,23.85,8,23.76
AA,2015-01-03 09:40:18.415801,0,1,25.0,5,23.76
AA,2015-01-03 09:40:41.165043,0,3,23.86,8,23.76
AA,2015-01-03 09:40:41.166110,0,8,23.86,8,23.76
AA,2015-01-03 09:40:46.852369,0,3,23.86,8,23.76
AA,2015-01-03 09:41:04.571824,0,8,23.86,8,23.76
AA,2015-01-03 09:41:57.201236,0,3,23.86,8,23.76
AA,2015-01-03 09:42:03.035960,0,8,23.86,8,23.76
AA,2015-01-03 09:42:10.381216,0,5,23.86,5,23.76
AA,2015-01-03 09:42:14.415127,0,11,23.86,8,23.76
AA,2015-01-03 09:42:14.415152,1,3,23.85,8,23.76
AA,2015-01-03 09:42:14.416262,0,1,25.0,5,23.76
AA,2015-01-03 09:42:17.345114,0,1,25.0,1,22.74
AA,2015-01-03 09:42:19.528189,0,1,25.0,5,23.76
AA,2015-01-03 09:42:30.881917,0,1,25.0,1,22.74
AA,2015-01-03 09:42:33.448894,0,8,23.85,8,23.76
AA,2015-01-03 09:42:40.208249,0,8,23.85,3,23.76
AA,2015-01-03 09:42:53.616278,0,5,23.85,1,22.74
AA,2015-01-03 09:42:54.166303,0,3,23.84,3,23.76
AA,2015-01-03 09:42:54.166411,1,3,23.84,3,23.75
AA,2015-01-03 09:42:54.167165,0,1,25.0,1,22.74
AA,2015-01-03 09:42:54.168040,0,1,25.0,5,23.75
AA,2015-01-03 09:42:54.168173,1,3,23.84,8,23.75
AA,2015-01-03 09:44:00.165838,0,3,23.85,8,23.75
AA,2015-01-03 09:44:00.165838,1,3,23.85,11,23.75
AA,2015-01-03 09:44:00.166589,0,3,23.85,3,23.76
AA,2015-01-03 09:44:00.167069,0,1,25.0,1,22.74
AA,2015-01-03 09:44:00.167086,1,1,25.0,5,23.76
AA,2015-01-03 09:44:00.167153,2,3,23.85,8,23.76
AA,2015-01-03 09:44:08.915452,0,3,23.86,8,23.76
AA,2015-01-03 09:44:08.915509,1,3,23.86,11,23.76
AA,2015-01-03 09:44:08.915630,2,3,23.86,3,23.77
AA,2015-01-03 09:44:08.916589,0,1,25.0,1,22.74
AA,2015-01-03 09:44:08.916848,1,3,23.86,8,23.77
AA,2015-01-03 09:44:10.554804,0,1,25.0,5,23.77
AA,2015-01-03 09:44:21.510931,0,1,25.0,1,22.74
AA,2015-01-03 09:44:23.309443,0,8,23.86,8,23.77
AA,2015-01-03 09:44:24.214588,0,8,23.86,3,23.77
AA,2015-01-03 09:44:25.764668,0,5,23.86,1,22.74
AA,2015-01-03 09:44:26.418514,0,11,23.86,3,23.77
AA,2015-01-03 09:44:26.418542,1,3,23.85,3,23.77
AA,2015-01-03 09:44:26.419219,0,3,23.85,3,23.76
AA,2015-01-03 09:44:26.419438,1,1,25.0,1,22.74
AA,2015-01-03 09:44:26.420395,0,1,25.0,5,23.76
AA,2015-01-03 09:44:26.420546,1,3,23.85,8,23.76
AA,2015-01-03 09:45:21.426697,0,3,23.86,8,23.76
AA,2015-01-03 09:45:21.426749,1,3,23.86,11,23.76
AA,2015-01-03 09:45:21.426868,2,3,23.86,3,23.77
AA,2015-01-03 09:45:21.427964,0,1,25.0,1,22.74
AA,2015-01-03 09:45:21.427986,1,1,25.0,5,23.77
AA,2015-01-03 09:45:21.428135,0,3,23.86,8,23.77
AA,2015-01-03 09:45:39.084224,0,1,25.0,1,22.74
AA,2015-01-03 09:45:40.804184,0,8,23.86,8,23.77
AA,2015-01-03 09:46:01.414704,0,11,23.86,8,23.77
AA,2015-01-03 09:46:01.414729,1,3,23.85,8,23.77
AA,2015-01-03 09:46:07.882071,0,1,25.0,5,23.77
AA,2015-01-03 09:47:07.165007,0,6,23.86,8,23.77
AA,2015-01-03 09:47:07.165023,1,3,23.86,8,23.77
AA,2015-01-03 09:47:11.484875,0,1,25.0,1,22.74
AA,2015-01-03 09:47:11.575894,0,8,23.86,8,23.77
AA,2015-01-03 09:47:12.971019,0,8,23.86,3,23.77
AA,2015-01-03 09:47:13.235346,0,5,23.86,1,22.74
AA,2015-01-03 09:47:13.416044,0,11,23.86,3,23.77
AA,2015-01-03 09:47:13.416365,1,3,23.85,3,23.77
AA,2015-01-03 09:47:13.416840,2,3,23.85,3,23.76
AA,2015-01-03 09:47:13.417297,0,1,25.0,1,22.74
AA,2015-01-03 09:47:13.418092,0,1,25.0,5,23.76
AA,2015-01-03 09:47:13.418808,1,3,23.85,8,23.76
AA,2015-01-03 09:47:17.915831,0,6,23.85,8,23.76
AA,2015-01-03 09:47:17.916095,0,3,23.84,8,23.76
AA,2015-01-03 09:47:21.179584,0,1,25.0,1,22.74
AA,2015-01-03 09:47:29.805763,0,3,23.84,3,23.76
AA,2015-01-03 09:47:32.916581,0,6,23.84,3,23.76
AA,2015-01-03 09:47:32.916606,1,3,23.83,3,23.76
AA,2015-01-03 09:47:32.916805,2,3,23.83,3,23.75
AA,2015-01-03 09:47:32.917970,0,3,23.83,8,23.75
AA,2015-01-03 09:47:45.147469,0,3,23.83,3,23.75
AA,2015-01-03 09:47:47.896255,0,3,23.83,8,23.75
AA,2015-01-03 09:47:48.936400,0,1,25.0,5,23.75
AA,2015-01-03 09:47:59.166342,0,6,23.84,8,23.75
AA,2015-01-03 09:47:59.166360,1,3,23.84,8,23.75
AA,2015-01-03 09:48:26.953527,0,1,25.0,1,22.74
AA,2015-01-03 09:48:27.167120,0,6,23.84,8,23.75
AA,2015-01-03 09:48:27.167522,1,3,23.83,8,23.75
AA,2015-01-03 09:48:27.522170,0,3,23.83,3,23.75
AA,2015-01-03 09:48:30.417516,0,3,23.83,3,23.74
AA,2015-01-03 09:48:30.418579,0,3,23.83,8,23.74
AA,2015-01-03 09:48:31.665803,0,6,23.83,8,23.74
AA,2015-01-03 09:48:31.665859,1,3,23.82,8,23.74
AA,2015-01-03 09:48:40.021647,0,3,23.82,3,23.74
AA,2015-01-03 09:48:46.218601,0,3,23.82,8,23.74
AA,2015-01-03 09:48:58.613539,0,1,25.0,5,23.74